comuna,precio_93,precio_95,diesel
Arica,,,
Arica,1580.0,1610.0,1401.0
Arica,1576.0,1605.0,1399.0
Arica,1580.0,1608.0,1400.0
Arica,1568.0,1597.0,1391.0
Arica,1580.0,1608.0,1400.0
Arica,1572.0,1602.0,1393.0
Arica,1580.0,1608.0,1401.0
Arica,,,
Arica,,,
Arica,,,1329.0
Arica,,,1320.0
Arica,,,1339.0
Arica,,,1391.0
Arica,,1580.0,1385.0
Arica,,,
Arica,1582.0,1611.0,1403.0
Arica,1578.0,1606.0,1401.0
Arica,1580.0,1608.0,1400.0
Arica,1580.0,1608.0,1401.0
Arica,1580.0,1610.0,1401.0
Arica,1580.0,1608.0,1400.0
Arica,,1587.0,1255.0
Iquique,15700.0,15950.0,13860.0
Iquique,1570.0,1595.0,1386.0
Iquique,,,1362.0
Iquique,1658.0,1687.0,1487.0
Iquique,1643.0,1673.0,1481.0
Iquique,1570.0,1595.0,1386.0
Iquique,1568.0,1593.0,1375.0
Iquique,1568.0,1593.0,1375.0
Iquique,1662.0,1692.0,1491.0
Iquique,1656.0,1687.0,1609.0
Iquique,1568.0,1594.0,1375.0
Iquique,1572.0,1595.0,1379.0
Iquique,1568.0,1594.0,1375.0
Iquique,1568.0,1593.0,1375.0
Iquique,1570.0,1595.0,1386.0
Iquique,1553.0,1579.0,1362.0
Iquique,1570.0,1595.0,1386.0
Alto Hospicio,,,
Alto Hospicio,1568.0,1593.0,1375.0
Alto Hospicio,1568.0,1594.0,1375.0
Alto Hospicio,1568.0,1594.0,1375.0
Alto Hospicio,,,1362.0
Alto Hospicio,,,1372.0
Alto Hospicio,1568.0,1594.0,1375.0
Alto Hospicio,1568.0,1594.0,1375.0
Pozo Almonte,1581.0,1606.0,1393.0
Pozo Almonte,,,1393.0
Pozo Almonte,1581.0,1606.0,1393.0
Pica,1583.0,1608.0,1395.0
Antofagasta,,,
Antofagasta,1584.0,1617.0,1402.0
Antofagasta,1584.0,1617.0,1402.0
Antofagasta,1584.0,1617.0,1402.0
Antofagasta,,,
Antofagasta,1589.0,1621.0,1408.0
Antofagasta,1586.0,1619.0,1405.0
Antofagasta,1584.0,1617.0,1403.0
Antofagasta,,,
Antofagasta,1584.0,1617.0,1402.0
Antofagasta,1586.0,1619.0,1404.0
Antofagasta,1584.0,1617.0,1402.0
Antofagasta,1584.0,1617.0,1407.0
Antofagasta,1584.0,1617.0,1402.0
Antofagasta,1589.0,1621.0,1408.0
Antofagasta,1591.0,1624.0,1404.0
Antofagasta,1591.0,1624.0,1405.0
Antofagasta,1591.0,1623.0,1405.0
Antofagasta,1589.0,1622.0,1403.0
Antofagasta,1589.0,1622.0,1402.0
Antofagasta,1589.0,1622.0,1402.0
Antofagasta,1589.0,1622.0,1402.0
Antofagasta,1584.0,1617.0,1402.0
Antofagasta,1586.0,1619.0,1405.0
Antofagasta,1586.0,1619.0,1405.0
Antofagasta,1584.0,1617.0,1402.0
Antofagasta,1589.0,1621.0,1408.0
Antofagasta,1584.0,1617.0,1403.0
Mejillones,1590.0,1620.0,1408.0
Taltal,1583.0,1614.0,1407.0
Taltal,1577.0,1611.0,1412.0
Taltal,1585.0,1615.0,1409.0
Calama,1600.0,1628.0,1420.0
Calama,1601.0,1628.0,1420.0
Calama,1600.0,1628.0,1420.0
Calama,1690.0,1628.0,1420.0
Calama,1600.0,1628.0,1420.0
Calama,1600.0,1628.0,1420.0
Calama,1600.0,1628.0,1420.0
Calama,1600.0,1628.0,1420.0
Calama,1600.0,1628.0,1420.0
Calama,1601.0,1628.0,1420.0
San Pedro de Atacama,1602.0,1630.0,1421.0
Tocopilla,1589.0,1620.0,1409.0
Tocopilla,1589.0,1620.0,1409.0
Tocopilla,1589.0,1620.0,1409.0
María Elena,1591.0,1622.0,1411.0
Copiapó,,,
Copiapó,1572.0,1605.0,1401.0
Copiapó,1572.0,1605.0,1402.0
Copiapó,1560.0,1594.0,1389.0
Copiapó,1572.0,1606.0,1403.0
Copiapó,1574.0,1607.0,1403.0
Copiapó,1573.0,1606.0,1403.0
Copiapó,1572.0,1604.0,1399.0
Copiapó,1572.0,1603.0,1398.0
Copiapó,1576.0,1608.0,1405.0
Copiapó,1572.0,1606.0,1409.0
Copiapó,,,
Copiapó,1574.0,1607.0,1403.0
Copiapó,1572.0,1605.0,1401.0
Copiapó,1572.0,1604.0,1402.0
Copiapó,1572.0,1606.0,1409.0
Copiapó,1572.0,1605.0,1401.0
Copiapó,1572.0,1603.0,1398.0
Caldera,1574.0,1609.0,1405.0
Caldera,1574.0,1609.0,1405.0
Tierra Amarilla,1571.0,1603.0,1398.0
Chañaral,1573.0,1607.0,1407.0
Chañaral,1573.0,1607.0,1407.0
Chañaral,,,
Chañaral,1573.0,1606.0,1407.0
Diego de Almagro,1568.0,1602.0,1402.0
Diego de Almagro,1568.0,1602.0,1402.0
Diego de Almagro,1568.0,1602.0,1402.0
Vallenar,1586.0,1618.0,1410.0
Vallenar,1578.0,1611.0,1402.0
Vallenar,1586.0,1619.0,1410.0
Vallenar,1586.0,1618.0,1410.0
Vallenar,1586.0,1619.0,1410.0
Vallenar,1586.0,1618.0,1410.0
Vallenar,1586.0,1619.0,1410.0
Huasco,1586.0,1621.0,1409.0
Huasco,1586.0,1621.0,1409.0
La Serena,,,
La Serena,1572.0,1608.0,1403.0
La Serena,1572.0,1608.0,1405.0
La Serena,1558.0,1594.0,1379.0
La Serena,1572.0,1608.0,1403.0
La Serena,1566.0,1602.0,1387.0
La Serena,1563.0,1599.0,1385.0
La Serena,1571.0,1607.0,1399.0
La Serena,1572.0,1608.0,1405.0
La Serena,1571.0,1607.0,1399.0
La Serena,1566.0,1602.0,1387.0
La Serena,1572.0,1608.0,1405.0
La Serena,1572.0,1608.0,1403.0
La Serena,1571.0,1607.0,1399.0
La Serena,,,
La Serena,1566.0,1602.0,1387.0
La Serena,1572.0,1608.0,1405.0
La Serena,1566.0,1602.0,1387.0
La Serena,1566.0,1602.0,1387.0
La Serena,,,
La Serena,1566.0,1602.0,1387.0
La Serena,1571.0,1607.0,1399.0
La Serena,1566.0,1602.0,1387.0
La Serena,,,
La Serena,1566.0,1602.0,1387.0
La Serena,1566.0,1602.0,1387.0
La Serena,1572.0,1608.0,1403.0
Coquimbo,,,
Coquimbo,1559.0,1595.0,1389.0
Coquimbo,1559.0,1595.0,1389.0
Coquimbo,1572.0,1609.0,1405.0
Coquimbo,1559.0,1595.0,1389.0
Coquimbo,1562.0,1598.0,1387.0
Coquimbo,,,1405.0
Coquimbo,1566.0,1602.0,1387.0
Coquimbo,1562.0,1598.0,1387.0
Coquimbo,,,
Coquimbo,1559.0,1595.0,1389.0
Coquimbo,1564.0,,1385.0
Coquimbo,1556.0,,1386.0
Coquimbo,1572.0,1609.0,1405.0
Coquimbo,1562.0,1598.0,1392.0
Coquimbo,1559.0,1595.0,1389.0
Coquimbo,1572.0,1608.0,1405.0
Coquimbo,1562.0,1598.0,1392.0
Coquimbo,,,
Coquimbo,1562.0,1598.0,1387.0
Coquimbo,1566.0,1602.0,1387.0
Coquimbo,1562.0,1598.0,1387.0
Coquimbo,1566.0,1602.0,1387.0
Coquimbo,1572.0,1609.0,1405.0
Andacollo,1566.0,1576.0,1387.0
Vicuña,1576.0,1612.0,1402.0
Vicuña,1581.0,1617.0,1407.0
Vicuña,1576.0,1612.0,1402.0
Illapel,1515.0,1556.0,1352.0
Illapel,1520.0,1560.0,1357.0
Illapel,1515.0,1556.0,1352.0
Canela,1593.0,1625.0,1386.0
Canela,1518.0,1560.0,1358.0
Los Vilos,1518.0,1560.0,1386.0
Los Vilos,1518.0,1560.0,1348.0
Los Vilos,1518.0,1560.0,1348.0
Los Vilos,1518.0,1560.0,1348.0
Los Vilos,1518.0,1560.0,1348.0
Los Vilos,1520.0,1561.0,1350.0
Salamanca,,,1651.0
Salamanca,1520.0,1560.0,1351.0
Salamanca,1520.0,1560.0,1351.0
Ovalle,,,
Ovalle,1556.0,1589.0,1386.0
Ovalle,1556.0,1589.0,1389.0
Ovalle,1572.0,1608.0,1405.0
Ovalle,1556.0,1589.0,1386.0
Ovalle,1556.0,1589.0,1389.0
Ovalle,1556.0,1589.0,1386.0
Ovalle,1556.0,1589.0,1389.0
Ovalle,1555.0,1589.0,1389.0
Ovalle,1553.0,1587.0,1387.0
Ovalle,1556.0,1589.0,1386.0
Ovalle,1649.0,1688.0,1505.0
Ovalle,1556.0,1589.0,1386.0
Combarbalá,1560.0,1593.0,1390.0
Monte Patria,1578.0,1610.0,1411.0
Punitaqui,1556.0,1589.0,1386.0
Valparaíso,,,
Valparaíso,1459.0,1513.0,1325.0
Valparaíso,1459.0,1513.0,1321.0
Valparaíso,1459.0,1513.0,1325.0
Valparaíso,1509.0,1555.0,1342.0
Valparaíso,1459.0,1513.0,1325.0
Valparaíso,1447.0,1499.0,1311.0
Valparaíso,,,1321.0
Valparaíso,1447.0,1499.0,1311.0
Valparaíso,1444.0,1491.0,1315.0
Valparaíso,1507.0,1552.0,1339.0
Valparaíso,1445.0,1500.0,1312.0
Valparaíso,1509.0,1555.0,1342.0
Valparaíso,1447.0,1499.0,1311.0
Valparaíso,1459.0,1513.0,1321.0
Valparaíso,1509.0,1555.0,1342.0
Valparaíso,1447.0,1499.0,1311.0
Valparaíso,1459.0,1513.0,1322.0
Valparaíso,1446.0,1491.0,1316.0
Valparaíso,1459.0,1513.0,1325.0
Valparaíso,1459.0,1513.0,1325.0
Valparaíso,1509.0,1556.0,1342.0
Valparaíso,1447.0,1499.0,1311.0
Valparaíso,1507.0,1552.0,1339.0
Valparaíso,,,
Valparaíso,1444.0,1491.0,1315.0
Casablanca,1510.0,1556.0,1345.0
Casablanca,1616.0,1659.0,1466.0
Concón,1473.0,1542.0,1334.0
Concón,1463.0,1538.0,1330.0
Concón,1473.0,1548.0,1335.0
Concón,1473.0,1542.0,1334.0
Concón,1502.0,1547.0,1342.0
Concón,1473.0,1548.0,1335.0
Puchuncaví,1510.0,1553.0,1324.0
Puchuncaví,1510.0,1553.0,1343.0
Puchuncaví,1510.0,1553.0,1343.0
Quintero,1490.0,1535.0,1328.0
Quintero,1490.0,1535.0,1319.0
Quintero,1490.0,1535.0,1328.0
Viña del Mar,,,
Viña del Mar,1495.0,1540.0,1327.0
Viña del Mar,1497.0,1541.0,1327.0
Viña del Mar,1489.0,1534.0,1319.0
Viña del Mar,1502.0,1547.0,1342.0
Viña del Mar,1497.0,1542.0,1319.0
Viña del Mar,1497.0,1542.0,1337.0
Viña del Mar,1497.0,1542.0,1319.0
Viña del Mar,1489.0,1534.0,1321.0
Viña del Mar,1497.0,1542.0,1325.0
Viña del Mar,1497.0,1542.0,1319.0
Viña del Mar,1493.0,1538.0,1325.0
Viña del Mar,1497.0,1542.0,1319.0
Viña del Mar,1497.0,1542.0,1324.0
Viña del Mar,1497.0,1542.0,1319.0
Viña del Mar,1497.0,1541.0,1327.0
Viña del Mar,1495.0,1540.0,1327.0
Viña del Mar,1497.0,1542.0,1337.0
Viña del Mar,1497.0,1542.0,1337.0
Viña del Mar,1502.0,1547.0,1342.0
Viña del Mar,1497.0,1541.0,1327.0
Viña del Mar,1489.0,1534.0,1319.0
Viña del Mar,1489.0,1534.0,1319.0
Viña del Mar,1497.0,1542.0,1319.0
Viña del Mar,1497.0,1542.0,1319.0
Viña del Mar,1497.0,1542.0,1319.0
Isla de Pascua,,,
Isla de Pascua,,,
Los Andes,1516.0,1558.0,1343.0
Los Andes,1504.0,1546.0,1331.0
Los Andes,,,
Los Andes,1517.0,1562.0,1340.0
Los Andes,1517.0,1559.0,1344.0
Los Andes,1607.0,1654.0,1521.0
Los Andes,1517.0,,1340.0
Los Andes,1512.0,1554.0,1339.0
Los Andes,1516.0,1558.0,1343.0
Los Andes,1515.0,1558.0,1342.0
Calle Larga,1512.0,1554.0,1339.0
San Esteban,1515.0,1558.0,1342.0
San Esteban,1515.0,1558.0,1342.0
Rinconada,1514.0,1557.0,1347.0
La Ligua,,,
La Ligua,1508.0,1553.0,1340.0
La Ligua,1508.0,1553.0,1340.0
Cabildo,1504.0,1549.0,1341.0
Cabildo,1504.0,1549.0,1341.0
Papudo,1491.0,1541.0,1341.0
Petorca,1600.0,1650.0,1458.0
Zapallar,1511.0,1554.0,1349.0
Quillota,1506.0,1550.0,1331.0
Quillota,1506.0,1550.0,1331.0
Quillota,1506.0,1550.0,1331.0
Quillota,1491.0,1535.0,1316.0
Quillota,1508.0,1551.0,1333.0
Quillota,1506.0,1550.0,1331.0
Quillota,1506.0,1550.0,1331.0
Quillota,1506.0,1550.0,1331.0
Quillota,1506.0,1550.0,1331.0
Quillota,1506.0,1550.0,1331.0
Calera,1433.0,1477.0,1328.0
Calera,1431.0,1475.0,1323.0
Calera,1433.0,1477.0,1335.0
Calera,1426.0,,1323.0
Calera,1431.0,1477.0,1323.0
Hijuelas,1513.0,1553.0,1348.0
Hijuelas,1486.0,1522.0,1352.0
Hijuelas,1513.0,1553.0,1348.0
La Cruz,1505.0,1549.0,1323.0
Nogales,1508.0,1548.0,1338.0
Nogales,1513.0,1553.0,1348.0
San Antonio,1512.0,1553.0,1348.0
San Antonio,1512.0,1553.0,1348.0
San Antonio,1512.0,1553.0,1348.0
San Antonio,,,
San Antonio,1512.0,1553.0,1344.0
San Antonio,1512.0,1553.0,1348.0
San Antonio,,1553.0,1348.0
San Antonio,1513.0,1554.0,1348.0
San Antonio,1513.0,1554.0,1349.0
San Antonio,1513.0,1554.0,1349.0
Algarrobo,1511.0,1553.0,1345.0
Algarrobo,1522.0,1564.0,1355.0
Cartagena,1513.0,1554.0,1347.0
Cartagena,1513.0,1554.0,1349.0
El Quisco,1510.0,1552.0,1345.0
El Quisco,1510.0,1552.0,1345.0
Santo Domingo,1512.0,1553.0,1348.0
San Felipe,1514.0,1557.0,1341.0
San Felipe,1508.0,1551.0,1335.0
San Felipe,1609.0,1657.0,1523.0
San Felipe,1514.0,1557.0,1341.0
San Felipe,1514.0,1557.0,1341.0
San Felipe,1514.0,1557.0,1341.0
San Felipe,1514.0,1557.0,1341.0
San Felipe,1514.0,1557.0,1341.0
San Felipe,1514.0,1557.0,1341.0
San Felipe,1514.0,1557.0,1341.0
San Felipe,1514.0,1557.0,1341.0
Catemu,1510.0,1548.0,1338.0
Llaillay,1513.0,1553.0,1348.0
Llaillay,1502.0,1540.0,1330.0
Llaillay,1596.0,1639.0,1555.0
Llaillay,1502.0,1540.0,1330.0
Panquehue,1510.0,1548.0,1341.0
Putaendo,1514.0,1557.0,1341.0
Santa María,1512.0,1555.0,1339.0
Quilpué,,,
Quilpué,1498.0,1549.0,1339.0
Quilpué,1498.0,1549.0,1339.0
Quilpué,1498.0,1549.0,1339.0
Quilpué,1498.0,1549.0,1339.0
Quilpué,1498.0,1549.0,1339.0
Quilpué,1498.0,1549.0,1339.0
Quilpué,1498.0,1549.0,1339.0
Quilpué,1498.0,1549.0,1339.0
Quilpué,,,
Quilpué,1498.0,1549.0,1339.0
Quilpué,,,
Quilpué,1593.0,1649.0,1457.0
Quilpué,1498.0,1549.0,1339.0
Quilpué,1498.0,1549.0,1339.0
Quilpué,1498.0,1549.0,1339.0
Quilpué,1498.0,1549.0,1339.0
Quilpué,1498.0,1549.0,1339.0
Limache,1603.0,1651.0,1448.0
Limache,1508.0,1551.0,1331.0
Limache,1508.0,1551.0,1331.0
Limache,1495.0,1541.0,1319.0
Limache,1508.0,1551.0,1331.0
Limache,1509.0,1552.0,1332.0
Limache,1508.0,1551.0,1331.0
Olmué,1509.0,1552.0,1332.0
Olmué,1509.0,1552.0,1332.0
Villa Alemana,1498.0,1549.0,1339.0
Villa Alemana,1498.0,1549.0,1339.0
Villa Alemana,1498.0,1549.0,1339.0
Villa Alemana,,,1339.0
Villa Alemana,1498.0,1549.0,1339.0
Villa Alemana,1498.0,1549.0,1339.0
Villa Alemana,1498.0,1549.0,1339.0
Villa Alemana,1498.0,1549.0,1339.0
Villa Alemana,1498.0,1549.0,1339.0
Rancagua,,,
Rancagua,,,
Rancagua,1536.0,1567.0,1373.0
Rancagua,1539.0,1569.0,1379.0
Rancagua,1536.0,1567.0,1373.0
Rancagua,,,
Rancagua,1537.0,1567.0,1375.0
Rancagua,1528.0,1560.0,1358.0
Rancagua,1536.0,1565.0,1373.0
Rancagua,1534.0,1565.0,1371.0
Rancagua,1536.0,1565.0,1373.0
Rancagua,1537.0,1567.0,1375.0
Rancagua,,1630.0,1555.0
Rancagua,1509.0,,1349.0
Rancagua,1528.0,1560.0,1358.0
Rancagua,1537.0,1567.0,1375.0
Rancagua,1537.0,1567.0,1375.0
Rancagua,1537.0,1567.0,1375.0
Rancagua,1536.0,1567.0,1373.0
Rancagua,1528.0,1560.0,1358.0
Rancagua,1536.0,1567.0,1373.0
Rancagua,1536.0,1567.0,1373.0
Rancagua,1539.0,1569.0,1379.0
Rancagua,1527.0,1560.0,1358.0
Rancagua,1534.0,1565.0,1371.0
Rancagua,1536.0,1565.0,1373.0
Codegua,1529.0,1566.0,1370.0
Coinco,,,
Coltauco,1532.0,1566.0,1370.0
Doñihue,1531.0,1566.0,1370.0
Graneros,1528.0,1560.0,1358.0
Graneros,1517.0,1546.0,1348.0
Las Cabras,1532.0,1565.0,1368.0
Las Cabras,1532.0,1565.0,1368.0
Las Cabras,,1246.0,
Las Cabras,,1253.0,
Las Cabras,1532.0,1565.0,1368.0
Machalí,1537.0,1567.0,1375.0
Machalí,1537.0,1567.0,1375.0
Machalí,,1563.0,1382.0
Malloa,1528.0,1567.0,1372.0
Mostazal,1525.0,1554.0,1375.0
Mostazal,1525.0,1554.0,1375.0
Mostazal,1525.0,1554.0,1375.0
Olivar,,,
Olivar,1533.0,1564.0,1375.0
Olivar,1631.0,1667.0,1606.0
Peumo,1526.0,1559.0,1353.0
Peumo,1625.0,1663.0,1482.0
Peumo,1526.0,1559.0,1353.0
Pichidegua,1528.0,1561.0,1364.0
Pichidegua,1543.0,1574.0,1369.0
Pichidegua,,1574.0,1369.0
Quinta de Tilcoco,1530.0,1566.0,1367.0
Quinta de Tilcoco,1530.0,1566.0,1367.0
Rengo,,,
Rengo,1528.0,1567.0,1372.0
Rengo,1528.0,1567.0,1372.0
Rengo,1518.0,1557.0,1362.0
Rengo,1538.0,1571.0,1373.0
Rengo,1539.0,1568.0,1378.0
Rengo,1528.0,1567.0,1372.0
Rengo,1528.0,1567.0,1372.0
Rengo,1529.0,1568.0,1372.0
Requínoa,1525.0,1554.0,1373.0
Requínoa,1531.0,1556.0,1368.0
Requínoa,1531.0,1556.0,1368.0
Requínoa,1534.0,1555.0,1372.0
San Vicente,1531.0,1565.0,1364.0
San Vicente,1516.0,1556.0,1361.0
San Vicente,1529.0,1563.0,1364.0
San Vicente,1532.0,1566.0,1364.0
San Vicente,1533.0,1566.0,1366.0
San Vicente,1531.0,1565.0,1364.0
Pichilemu,1503.0,1527.0,1361.0
Pichilemu,1504.0,1527.0,1364.0
Pichilemu,1503.0,1527.0,1361.0
La Estrella,1605.0,1640.0,1565.0
Litueche,1591.0,1630.0,1465.0
Marchihue,1520.0,1551.0,1343.0
Navidad,,,
Navidad,1497.0,1530.0,1348.0
Paredones,1526.0,1561.0,1365.0
Paredones,1520.0,1556.0,1354.0
San Fernando,1538.0,1571.0,1373.0
San Fernando,1519.0,1550.0,1348.0
San Fernando,1530.0,1560.0,1360.0
San Fernando,1530.0,1560.0,1360.0
San Fernando,1527.0,1558.0,1356.0
San Fernando,1518.0,1548.0,1349.0
San Fernando,1538.0,1571.0,1373.0
San Fernando,1530.0,1560.0,1360.0
San Fernando,1530.0,1560.0,1360.0
San Fernando,1527.0,1558.0,1356.0
Chépica,1520.0,1556.0,1354.0
Chépica,1520.0,1556.0,1354.0
Chimbarongo,1537.0,1571.0,1373.0
Chimbarongo,1537.0,1571.0,1373.0
Chimbarongo,1532.0,1556.0,1363.0
Chimbarongo,1523.0,1558.0,1356.0
Lolol,1520.0,1556.0,1354.0
Lolol,1614.0,1655.0,1471.0
Nancagua,1474.0,1507.0,1317.0
Nancagua,1474.0,1506.0,1317.0
Palmilla,1614.0,1655.0,1472.0
Peralillo,1507.0,1545.0,1326.0
Peralillo,1598.0,1641.0,1508.0
Peralillo,1499.0,1539.0,1325.0
Placilla,1477.0,1510.0,1320.0
Pumanque,,,
Santa Cruz,,,
Santa Cruz,1520.0,1556.0,1354.0
Santa Cruz,1520.0,1556.0,1354.0
Santa Cruz,1520.0,1556.0,1354.0
Santa Cruz,1470.0,1506.0,1304.0
Santa Cruz,1470.0,1506.0,1304.0
Talca,,,
Talca,1501.0,1529.0,1316.0
Talca,1497.0,1531.0,1316.0
Talca,1497.0,1531.0,1316.0
Talca,1496.0,1520.0,1315.0
Talca,1496.0,1520.0,1315.0
Talca,1496.0,1545.0,1333.0
Talca,1497.0,1531.0,1316.0
Talca,1497.0,1531.0,1316.0
Talca,1496.0,1524.0,1314.0
Talca,1501.0,1529.0,1316.0
Talca,1496.0,1530.0,1316.0
Talca,1489.0,1513.0,1311.0
Talca,1488.0,1515.0,1312.0
Talca,1492.0,1525.0,1314.0
Talca,,,
Talca,1501.0,1529.0,1316.0
Talca,1497.0,1531.0,1316.0
Talca,1496.0,1520.0,1315.0
Talca,1498.0,1531.0,1318.0
Talca,,,
Talca,1496.0,1520.0,1315.0
Talca,1502.0,1529.0,1318.0
Talca,1497.0,1531.0,1316.0
Talca,1496.0,1525.0,1315.0
Talca,1497.0,1531.0,1316.0
Talca,1501.0,1529.0,1316.0
Talca,1495.0,1519.0,1315.0
Talca,1496.0,1520.0,1315.0
Talca,1496.0,1524.0,1314.0
Talca,1499.0,1532.0,1320.0
Talca,1504.0,1530.0,1321.0
Constitución,1535.0,1567.0,1341.0
Constitución,1535.0,1568.0,1341.0
Constitución,1536.0,1568.0,1342.0
Constitución,1535.0,1567.0,1341.0
Constitución,1535.0,1565.0,1340.0
Curepto,1539.0,1571.0,1379.0
Curepto,1539.0,1571.0,1379.0
Empedrado,1535.0,1568.0,1341.0
Maule,1515.0,1547.0,1333.0
Pencahue,1497.0,1531.0,1317.0
Río Claro,1563.0,,1373.0
San Clemente,1502.0,1551.0,1336.0
San Clemente,1439.0,1480.0,1321.0
San Clemente,1537.0,1589.0,1508.0
San Rafael,1527.0,1557.0,1333.0
San Rafael,1529.0,1559.0,1335.0
San Rafael,1527.0,1557.0,1333.0
Cauquenes,1489.0,1530.0,1310.0
Cauquenes,1489.0,1530.0,1310.0
Cauquenes,1486.0,1527.0,1307.0
Cauquenes,1489.0,1530.0,1310.0
Cauquenes,1489.0,1530.0,1310.0
Cauquenes,1487.0,1528.0,1308.0
Chanco,1589.0,1637.0,1546.0
Chanco,1497.0,1538.0,1318.0
Pelluhue,1478.0,1518.0,1316.0
Pelluhue,1477.0,1517.0,1315.0
Pelluhue,1477.0,1517.0,1315.0
Curicó,,,
Curicó,,,
Curicó,1538.0,1565.0,1374.0
Curicó,1539.0,1569.0,1374.0
Curicó,1538.0,1565.0,1374.0
Curicó,1537.0,1571.0,1373.0
Curicó,,,
Curicó,1539.0,1569.0,1374.0
Curicó,,,
Curicó,1538.0,1565.0,1374.0
Curicó,1537.0,1571.0,1373.0
Curicó,1539.0,1569.0,1374.0
Curicó,1538.0,1565.0,1374.0
Curicó,1539.0,1565.0,1376.0
Curicó,1538.0,1565.0,1374.0
Curicó,1538.0,1565.0,1374.0
Curicó,,,1373.0
Curicó,,,
Hualañé,1544.0,1578.0,1380.0
Hualañé,1544.0,1578.0,1380.0
Licantén,1542.0,1576.0,1378.0
Licantén,,,
Molina,1483.0,1524.0,1305.0
Molina,1483.0,1524.0,1305.0
Molina,1480.0,1524.0,1325.0
Molina,1478.0,1519.0,1299.0
Molina,1488.0,1529.0,1310.0
Molina,1483.0,1524.0,1305.0
Molina,1484.0,1527.0,1328.0
Rauco,1541.0,1567.0,1376.0
Romeral,1537.0,1571.0,1373.0
Romeral,1539.0,1564.0,1374.0
Sagrada Familia,1530.0,1557.0,1338.0
Sagrada Familia,1537.0,1571.0,1373.0
Sagrada Familia,1537.0,1571.0,1373.0
Sagrada Familia,1532.0,1557.0,1339.0
Teno,1531.0,1563.0,1363.0
Teno,1537.0,1571.0,1373.0
Teno,1534.0,1569.0,1370.0
Teno,1531.0,1563.0,1363.0
Vichuquén,1525.0,1565.0,1362.0
Vichuquén,1628.0,1670.0,1598.0
Linares,,,
Linares,1493.0,1534.0,1314.0
Linares,1493.0,1534.0,1314.0
Linares,1493.0,1534.0,1314.0
Linares,1493.0,1524.0,1314.0
Linares,1496.0,1536.0,1315.0
Linares,1493.0,1533.0,1314.0
Linares,1496.0,1536.0,1315.0
Linares,1495.0,1536.0,1316.0
Linares,,1534.0,1314.0
Linares,1496.0,1536.0,1315.0
Linares,1493.0,1524.0,1314.0
Linares,1504.0,1544.0,1326.0
Linares,1493.0,1534.0,1314.0
Linares,1493.0,1534.0,1314.0
Linares,1492.0,1533.0,1431.0
Linares,1496.0,1536.0,1315.0
Linares,1493.0,1534.0,1314.0
Colbún,1521.0,1547.0,1328.0
Colbún,1521.0,1547.0,1328.0
Longaví,1497.0,1524.0,1320.0
Longaví,1566.0,1593.0,1334.0
Longaví,1565.0,1609.0,1532.0
Longaví,1572.0,1599.0,1334.0
Parral,1521.0,1557.0,1341.0
Parral,1496.0,1527.0,1333.0
Parral,1495.0,1525.0,1333.0
Parral,1496.0,1527.0,1332.0
Parral,1496.0,1527.0,1332.0
Parral,1494.0,1527.0,1332.0
Parral,1496.0,1527.0,1333.0
Parral,1521.0,1557.0,1341.0
Parral,1521.0,1557.0,1341.0
Parral,1493.0,1527.0,1330.0
Parral,1521.0,1557.0,1341.0
Retiro,1521.0,1557.0,1341.0
Retiro,1498.0,1529.0,1334.0
Retiro,1526.0,1560.0,1346.0
San Javier,1507.0,1541.0,1324.0
San Javier,1507.0,1541.0,1324.0
San Javier,1525.0,1557.0,1333.0
San Javier,1500.0,1533.0,1321.0
San Javier,,,1303.0
San Javier,1516.0,1550.0,1326.0
San Javier,1507.0,1541.0,1324.0
San Javier,1505.0,1540.0,1322.0
Villa Alegre,1502.0,1542.0,1338.0
Villa Alegre,1496.0,1536.0,1336.0
Villa Alegre,1556.0,1599.0,1499.0
Yerbas Buenas,1493.0,1533.0,1314.0
Concepción,,,
Concepción,,,
Concepción,1499.0,1539.0,1332.0
Concepción,1513.0,1546.0,1337.0
Concepción,1514.0,1547.0,1338.0
Concepción,,,
Concepción,1475.0,1513.0,1306.0
Concepción,1486.0,1528.0,1308.0
Concepción,1511.0,1542.0,1330.0
Concepción,1512.0,1544.0,1336.0
Concepción,1484.0,1526.0,1306.0
Concepción,1576.0,1622.0,1427.0
Concepción,1514.0,1547.0,1338.0
Concepción,1513.0,1546.0,1334.0
Concepción,1512.0,1544.0,1336.0
Concepción,1511.0,1542.0,1330.0
Concepción,1513.0,1546.0,1337.0
Concepción,1512.0,1544.0,1336.0
Concepción,1486.0,1528.0,1308.0
Concepción,1513.0,1546.0,1337.0
Concepción,1486.0,1528.0,1308.0
Concepción,1511.0,1542.0,1330.0
Concepción,1513.0,1546.0,1337.0
Concepción,1513.0,1546.0,1337.0
Concepción,1475.0,1513.0,1298.0
Concepción,1511.0,1545.0,1335.0
Coronel,,,
Coronel,1504.0,1546.0,1331.0
Coronel,1504.0,1546.0,1331.0
Coronel,1504.0,1546.0,1331.0
Coronel,1509.0,1549.0,1336.0
Coronel,1506.0,1548.0,1332.0
Coronel,1505.0,1546.0,1333.0
Coronel,1505.0,1546.0,1333.0
Coronel,1504.0,1546.0,1331.0
Coronel,1506.0,1548.0,1331.0
Chiguayante,1489.0,1522.0,1321.0
Chiguayante,1489.0,1522.0,1321.0
Chiguayante,1489.0,1522.0,1321.0
Chiguayante,1489.0,1522.0,1321.0
Chiguayante,1489.0,1522.0,1321.0
Florida,1510.0,1545.0,1334.0
Hualqui,,1522.0,1321.0
Lota,1493.0,1533.0,1324.0
Lota,1495.0,1535.0,1326.0
Lota,1495.0,1534.0,1324.0
Lota,1493.0,1533.0,1324.0
Penco,1513.0,1546.0,1334.0
Penco,1510.0,1540.0,1328.0
Penco,1509.0,1541.0,1327.0
Penco,1513.0,1546.0,1334.0
Penco,1510.0,1540.0,1328.0
Penco,1513.0,1546.0,1334.0
San Pedro de la Paz,1504.0,1543.0,1332.0
San Pedro de la Paz,1504.0,1543.0,1334.0
San Pedro de la Paz,1506.0,1548.0,1332.0
San Pedro de la Paz,1506.0,1548.0,1332.0
San Pedro de la Paz,1504.0,1543.0,1334.0
San Pedro de la Paz,1504.0,1543.0,1333.0
San Pedro de la Paz,1504.0,1543.0,1334.0
Santa Juana,1505.0,1546.0,1331.0
Santa Juana,1504.0,1546.0,1329.0
Talcahuano,1489.0,1527.0,1317.0
Talcahuano,1486.0,1527.0,1317.0
Talcahuano,1487.0,1525.0,1315.0
Talcahuano,1512.0,1545.0,1334.0
Talcahuano,1486.0,1528.0,1320.0
Talcahuano,1486.0,1528.0,1320.0
Talcahuano,1512.0,1545.0,1334.0
Talcahuano,1489.0,1527.0,1317.0
Talcahuano,1489.0,1527.0,1317.0
Talcahuano,1512.0,1545.0,1335.0
Talcahuano,1486.0,1528.0,1318.0
Talcahuano,1485.0,1523.0,1323.0
Talcahuano,1486.0,1525.0,1317.0
Tomé,1512.0,1544.0,1327.0
Tomé,1507.0,1539.0,1327.0
Tomé,1512.0,1544.0,1327.0
Tomé,1512.0,1544.0,1328.0
Hualpén,1494.0,1534.0,1327.0
Hualpén,1486.0,1528.0,1320.0
Hualpén,,,
Hualpén,1499.0,1539.0,1332.0
Lebu,1518.0,1555.0,1341.0
Lebu,1518.0,1555.0,1341.0
Arauco,1612.0,1650.0,1448.0
Arauco,1518.0,1551.0,1331.0
Arauco,1528.0,1561.0,1336.0
Arauco,1518.0,1551.0,1331.0
Arauco,1518.0,1551.0,1331.0
Arauco,1518.0,1551.0,1331.0
Cañete,1523.0,1559.0,1348.0
Cañete,1523.0,1559.0,1348.0
Cañete,1523.0,1559.0,1348.0
Cañete,1523.0,1559.0,1348.0
Cañete,1523.0,1559.0,1348.0
Contulmo,1519.0,1557.0,1348.0
Curanilahue,1521.0,1555.0,1346.0
Curanilahue,1521.0,1555.0,1346.0
Los Álamos,1523.0,1559.0,1348.0
Los Álamos,1523.0,1559.0,1348.0
Tirúa,1534.0,1561.0,1354.0
Tirúa,1534.0,1561.0,1354.0
Los Ángeles,,,
Los Ángeles,,,
Los Ángeles,1490.0,1523.0,1326.0
Los Ángeles,1491.0,1525.0,1327.0
Los Ángeles,1490.0,1523.0,1326.0
Los Ángeles,1476.0,1509.0,1312.0
Los Ángeles,1476.0,1509.0,1318.0
Los Ángeles,1482.0,1515.0,1318.0
Los Ángeles,1522.0,1550.0,1346.0
Los Ángeles,1506.0,1547.0,1327.0
Los Ángeles,1476.0,1509.0,1318.0
Los Ángeles,1482.0,1515.0,1318.0
Los Ángeles,1490.0,1523.0,1326.0
Los Ángeles,1476.0,,1324.0
Los Ángeles,1482.0,1515.0,1318.0
Los Ángeles,1466.0,1500.0,1311.0
Los Ángeles,,,1354.0
Los Ángeles,1476.0,1509.0,1318.0
Los Ángeles,,,1324.0
Los Ángeles,1491.0,1525.0,1327.0
Los Ángeles,1482.0,1515.0,1318.0
Los Ángeles,1482.0,1515.0,1318.0
Los Ángeles,1486.0,1519.0,1322.0
Los Ángeles,1490.0,1523.0,1326.0
Los Ángeles,,,
Los Ángeles,,,
Los Ángeles,1490.0,1523.0,1326.0
Los Ángeles,1476.0,1509.0,1318.0
Los Ángeles,1585.0,1624.0,1444.0
Los Ángeles,1506.0,1547.0,1327.0
Antuco,1582.0,1597.0,1395.0
Cabrero,1510.0,1548.0,1322.0
Cabrero,1513.0,1543.0,1317.0
Cabrero,1513.0,1543.0,1317.0
Cabrero,1510.0,,1317.0
Cabrero,1510.0,1540.0,1315.0
Cabrero,1192.0,1221.0,913.0
Cabrero,1513.0,1543.0,1317.0
Cabrero,1510.0,1548.0,1322.0
Laja,1515.0,1545.0,1343.0
Laja,1515.0,1545.0,1343.0
Laja,1515.0,1545.0,1343.0
Mulchén,1520.0,1550.0,1346.0
Mulchén,1520.0,1550.0,1346.0
Mulchén,1522.0,1552.0,1348.0
Nacimiento,1526.0,1555.0,1348.0
Nacimiento,1526.0,1555.0,1348.0
Nacimiento,1526.0,1555.0,1348.0
Santa Bárbara,1519.0,1549.0,1343.0
Santa Bárbara,1519.0,1549.0,1343.0
Tucapel,1513.0,1548.0,1330.0
Hualqui,1514.0,1548.0,1332.0
Tucapel,1513.0,1548.0,1330.0
Yumbel,1509.0,1534.0,1328.0
Yumbel,1509.0,1534.0,1328.0
Chillán,,,
Chillán,1492.0,1529.0,1318.0
Chillán,1493.0,1528.0,1318.0
Chillán,1483.0,1531.0,1318.0
Chillán,1492.0,1529.0,1317.0
Chillán,1495.0,1532.0,1322.0
Chillán,1492.0,1529.0,1317.0
Chillán,,,
Chillán,1485.0,1520.0,1318.0
Chillán,1490.0,1525.0,1316.0
Chillán,1485.0,1533.0,1316.0
Chillán,1483.0,1531.0,1318.0
Chillán,1499.0,1537.0,1330.0
Chillán,1492.0,1529.0,1317.0
Chillán,,,
Chillán,,,
Chillán,1492.0,1529.0,1318.0
Chillán,1493.0,1528.0,1318.0
Chillán,1492.0,1529.0,1317.0
Chillán,1492.0,1529.0,1317.0
Chillán,1581.0,1623.0,1432.0
Chillán,1485.0,1533.0,1316.0
Chillán,1491.0,1531.0,1322.0
Chillán,1495.0,1532.0,1322.0
Chillán,1492.0,1529.0,1317.0
Bulnes,1515.0,1543.0,1330.0
Bulnes,1515.0,1543.0,1330.0
Bulnes,1515.0,1543.0,1330.0
Bulnes,1486.0,1519.0,1304.0
Bulnes,1515.0,1543.0,1330.0
Cobquecura,1524.0,1555.0,1344.0
Coelemu,1516.0,1547.0,1344.0
Coelemu,1516.0,1547.0,1342.0
Coihueco,1519.0,1548.0,1332.0
Coihueco,1519.0,1548.0,1332.0
Chillán Viejo,1522.0,1550.0,1350.0
Chillán Viejo,1522.0,1550.0,1350.0
Chillán Viejo,1492.0,1529.0,1317.0
Chillán Viejo,1522.0,1550.0,1350.0
Chillán Viejo,1492.0,1529.0,1317.0
El Carmen,1503.0,1533.0,1315.0
Ninhue,1592.0,1650.0,1449.0
Ñiquén,1503.0,1534.0,1335.0
Pemuco,1503.0,1533.0,1320.0
Pemuco,1503.0,1533.0,1320.0
Pinto,1498.0,1544.0,1340.0
Pinto,1493.0,1539.0,1330.0
Pinto,1494.0,1539.0,1332.0
Pinto,1493.0,1539.0,1330.0
Quillón,1500.0,1541.0,1342.0
Quillón,1503.0,1544.0,1345.0
Quirihue,1518.0,1549.0,1340.0
Quirihue,1518.0,1549.0,1340.0
Ránquil,1522.0,1550.0,1350.0
San Carlos,1520.0,1553.0,1341.0
San Carlos,1485.0,1525.0,1303.0
San Carlos,1487.0,1519.0,1300.0
San Carlos,1522.0,1557.0,1343.0
San Carlos,1520.0,1553.0,1341.0
San Carlos,1482.0,1522.0,1303.0
San Fabián,1500.0,1540.0,1318.0
San Ignacio,1498.0,1520.0,1314.0
San Ignacio,1499.0,1529.0,1329.0
Yungay,1502.0,1534.0,1335.0
Yungay,1551.0,1580.0,1370.0
Yungay,1502.0,1534.0,1335.0
Temuco,,,
Temuco,,,
Temuco,1531.0,1564.0,1358.0
Temuco,1532.0,1565.0,1360.0
Temuco,1533.0,1565.0,1360.0
Temuco,1532.0,1565.0,1359.0
Temuco,,1562.0,1355.0
Temuco,1523.0,1558.0,1348.0
Temuco,1527.0,1562.0,1355.0
Temuco,1188.0,1210.0,965.0
Temuco,1527.0,1562.0,1355.0
Temuco,1532.0,1565.0,1359.0
Temuco,1513.0,1547.0,1352.0
Temuco,1533.0,1565.0,1361.0
Temuco,1531.0,1564.0,1358.0
Temuco,1531.0,1564.0,1358.0
Temuco,1532.0,1565.0,1359.0
Temuco,1533.0,1565.0,1360.0
Temuco,1527.0,1562.0,1355.0
Temuco,1527.0,1562.0,1355.0
Temuco,1617.0,1657.0,1466.0
Temuco,1532.0,1565.0,1360.0
Temuco,1531.0,1564.0,1358.0
Temuco,1527.0,1562.0,1355.0
Temuco,1532.0,1565.0,1360.0
Temuco,1527.0,1562.0,1354.0
Temuco,1626.0,1664.0,1476.0
Temuco,1532.0,1565.0,1359.0
Temuco,1527.0,1562.0,1355.0
Temuco,1532.0,1565.0,1359.0
Temuco,1519.0,1554.0,1355.0
Temuco,1527.0,1562.0,1355.0
Temuco,1523.0,1558.0,1348.0
Temuco,1529.0,1562.0,1355.0
Carahue,1511.0,1553.0,1346.0
Carahue,1536.0,1574.0,1367.0
Carahue,1512.0,1554.0,1346.0
Carahue,1512.0,1554.0,1346.0
Cunco,1531.0,1568.0,1362.0
Cunco,1531.0,1568.0,1362.0
Cunco,1539.0,1579.0,1359.0
Cunco,1531.0,1568.0,1362.0
Curarrehue,1632.0,1663.0,1459.0
Freire,1535.0,1568.0,1361.0
Freire,1539.0,1571.0,1365.0
Galvarino,1548.0,1574.0,1354.0
Galvarino,1548.0,1574.0,1354.0
Gorbea,1530.0,1559.0,1374.0
Gorbea,1531.0,1560.0,1354.0
Lautaro,1529.0,1566.0,1351.0
Lautaro,1530.0,1563.0,1342.0
Lautaro,1529.0,1566.0,1351.0
Lautaro,1529.0,1566.0,1351.0
Lautaro,1530.0,1563.0,1342.0
Loncoche,1576.0,1601.0,1392.0
Loncoche,1550.0,1582.0,1359.0
Loncoche,1576.0,1601.0,1392.0
Loncoche,1550.0,1582.0,1358.0
Melipeuco,1600.0,1629.0,1378.0
Melipeuco,1600.0,1629.0,1378.0
Nueva Imperial,1532.0,1569.0,1357.0
Nueva Imperial,1532.0,1569.0,1357.0
Nueva Imperial,1536.0,1572.0,1359.0
Padre las Casas,1529.0,1563.0,1359.0
Padre las Casas,1527.0,1561.0,1355.0
Padre las Casas,1531.0,1564.0,1358.0
Padre las Casas,1528.0,1563.0,1357.0
Perquenco,1525.0,1558.0,1342.0
Pitrufquén,1528.0,1555.0,1359.0
Pitrufquén,1528.0,1555.0,1359.0
Pucón,1541.0,1573.0,1367.0
Pucón,1541.0,1573.0,1367.0
Pucón,1541.0,1573.0,1367.0
Pucón,1541.0,1573.0,1367.0
Pucón,1543.0,1577.0,1369.0
Saavedra,1542.0,1579.0,1366.0
Saavedra,1542.0,1580.0,1365.0
Teodoro Schmidt,1544.0,1581.0,1366.0
Teodoro Schmidt,1539.0,1579.0,1359.0
Teodoro Schmidt,1543.0,1579.0,1365.0
Toltén,1542.0,1577.0,1364.0
Toltén,1545.0,1579.0,1367.0
Vilcún,1534.0,1565.0,1364.0
Vilcún,1532.0,1564.0,1360.0
Villarrica,1538.0,1569.0,1365.0
Villarrica,1633.0,1668.0,1482.0
Villarrica,1542.0,1574.0,1367.0
Villarrica,1536.0,1568.0,1364.0
Villarrica,1632.0,1668.0,1109.0
Villarrica,1536.0,1568.0,1364.0
Villarrica,1543.0,1568.0,1368.0
Villarrica,1538.0,1569.0,1365.0
Villarrica,1542.0,1574.0,1367.0
Villarrica,1537.0,1568.0,1365.0
Villarrica,1541.0,1572.0,1367.0
Villarrica,1537.0,1568.0,1365.0
Cholchol,1589.0,1621.0,1444.0
Angol,,,
Angol,1508.0,1543.0,1326.0
Angol,1503.0,1536.0,1323.0
Angol,,,
Angol,1508.0,1543.0,1326.0
Angol,1508.0,1543.0,1326.0
Angol,1508.0,1543.0,1326.0
Angol,1508.0,1543.0,1326.0
Angol,1508.0,1543.0,1326.0
Collipulli,1537.0,1564.0,1347.0
Collipulli,1508.0,1543.0,1326.0
Collipulli,1540.0,1567.0,1347.0
Collipulli,1537.0,1564.0,1347.0
Curacautín,1509.0,1545.0,1321.0
Curacautín,1509.0,1545.0,1321.0
Curacautín,1509.0,1545.0,1321.0
Lonquimay,,,1368.0
Los Sauces,1508.0,1213.0,1331.0
Los Sauces,1508.0,1542.0,1331.0
Lumaco,1504.0,1530.0,1341.0
Lumaco,1539.0,1567.0,1380.0
Lumaco,1598.0,1629.0,1458.0
Purén,1519.0,1557.0,1348.0
Purén,1519.0,1557.0,1348.0
Renaico,1521.0,1561.0,1357.0
Traiguén,1529.0,1554.0,1359.0
Traiguén,1529.0,1554.0,1359.0
Traiguén,1529.0,1554.0,1359.0
Victoria,1492.0,1525.0,1317.0
Victoria,1530.0,1563.0,1342.0
Victoria,1492.0,1525.0,1317.0
Victoria,1492.0,1525.0,317.0
Victoria,1492.0,1525.0,1317.0
Victoria,1530.0,1563.0,1342.0
Valdivia,,,
Valdivia,1550.0,1585.0,1379.0
Valdivia,1544.0,1579.0,1371.0
Valdivia,1552.0,1587.0,1379.0
Valdivia,1552.0,1587.0,1379.0
Valdivia,,,1383.0
Valdivia,1552.0,1587.0,1379.0
Valdivia,1552.0,1587.0,1379.0
Valdivia,1552.0,1587.0,1379.0
Valdivia,1552.0,1587.0,1379.0
Valdivia,1550.0,1586.0,1379.0
Valdivia,1552.0,1587.0,1379.0
Valdivia,1552.0,1587.0,1379.0
Valdivia,,1575.0,1387.0
Valdivia,1552.0,1587.0,1379.0
Valdivia,1552.0,1587.0,1379.0
Valdivia,1550.0,1585.0,1379.0
Corral,,1691.0,1599.0
Lanco,1550.0,1582.0,1359.0
Lanco,1554.0,1590.0,1365.0
Lanco,1560.0,1594.0,1365.0
Los Lagos,1552.0,1585.0,1378.0
Los Lagos,1552.0,1585.0,1378.0
Los Lagos,1553.0,,1379.0
Los Lagos,1552.0,1585.0,1363.0
Máfil,1559.0,1591.0,1385.0
Mariquina,1550.0,1582.0,1358.0
Mariquina,1562.0,1596.0,1394.0
Mariquina,1550.0,1582.0,1359.0
Paillaco,1552.0,1585.0,1363.0
Paillaco,1552.0,1585.0,1363.0
Paillaco,1552.0,1585.0,1363.0
Paillaco,1552.0,1585.0,1363.0
Panguipulli,1560.0,1594.0,1389.0
Panguipulli,1907.0,1947.0,1779.0
Panguipulli,1570.0,1597.0,1389.0
Panguipulli,1542.0,1574.0,1367.0
La Unión,1558.0,1587.0,1379.0
La Unión,1554.0,1587.0,1381.0
La Unión,1561.0,1590.0,1384.0
La Unión,1554.0,1587.0,1381.0
La Unión,1554.0,1588.0,1381.0
Futrono,1594.0,1622.0,1385.0
Futrono,1686.0,1720.0,1500.0
Lago Ranco,1572.0,1608.0,1396.0
Río Bueno,1555.0,1588.0,1379.0
Río Bueno,1555.0,1588.0,1379.0
Río Bueno,1555.0,1589.0,1379.0
Puerto Montt,,,
Puerto Montt,1553.0,1582.0,1381.0
Puerto Montt,1551.0,1578.0,1381.0
Puerto Montt,1554.0,1583.0,1381.0
Puerto Montt,,,
Puerto Montt,1556.0,1584.0,1384.0
Puerto Montt,1555.0,1583.0,1384.0
Puerto Montt,1552.0,1581.0,1383.0
Puerto Montt,1551.0,1579.0,1380.0
Puerto Montt,1551.0,1578.0,1381.0
Puerto Montt,1553.0,1581.0,1382.0
Puerto Montt,1554.0,1583.0,1381.0
Puerto Montt,1556.0,1583.0,1386.0
Puerto Montt,1556.0,1584.0,1384.0
Puerto Montt,1556.0,1584.0,1384.0
Puerto Montt,1552.0,1580.0,1379.0
Puerto Montt,1542.0,1569.0,1382.0
Puerto Montt,1553.0,1582.0,1381.0
Puerto Montt,1544.0,1570.0,1383.0
Puerto Montt,1552.0,1582.0,1383.0
Puerto Montt,1551.0,1578.0,1381.0
Puerto Montt,1542.0,1569.0,1382.0
Puerto Montt,1552.0,1581.0,1383.0
Puerto Montt,1551.0,1579.0,1380.0
Puerto Montt,1645.0,1677.0,1497.0
Puerto Montt,1542.0,1569.0,1382.0
Puerto Montt,1548.0,1576.0,1375.0
Puerto Montt,1556.0,1583.0,1382.0
Puerto Montt,1554.0,1582.0,1381.0
Puerto Montt,1555.0,1583.0,1384.0
Calbuco,1553.0,1581.0,1378.0
Calbuco,1553.0,1580.0,1378.0
Fresia,1551.0,1582.0,1377.0
Fresia,1551.0,1582.0,1377.0
Frutillar,1549.0,1582.0,1378.0
Frutillar,,,
Frutillar,1549.0,1582.0,1378.0
Frutillar,1549.0,1582.0,1378.0
Los Muermos,1555.0,1582.0,1381.0
Los Muermos,1555.0,1582.0,1382.0
Llanquihue,1555.0,1584.0,1382.0
Llanquihue,1555.0,1584.0,1382.0
Maullín,1556.0,1589.0,1381.0
Puerto Varas,1557.0,1584.0,1384.0
Puerto Varas,1557.0,1586.0,1390.0
Puerto Varas,1557.0,1584.0,1384.0
Puerto Varas,1557.0,1584.0,1385.0
Puerto Varas,1551.0,1579.0,1381.0
Puerto Varas,1557.0,1584.0,1384.0
Puerto Varas,1558.0,1586.0,1384.0
Puerto Varas,1557.0,1584.0,1384.0
Castro,1570.0,1603.0,1398.0
Castro,1572.0,1604.0,1398.0
Castro,1666.0,1703.0,1514.0
Castro,1571.0,1604.0,1397.0
Castro,1571.0,1604.0,1397.0
Castro,1571.0,1604.0,1397.0
Ancud,1564.0,1596.0,1378.0
Ancud,,,
Ancud,1564.0,1596.0,1378.0
Ancud,1564.0,1596.0,1378.0
Ancud,1566.0,1597.0,1379.0
Chonchi,1568.0,1600.0,1394.0
Chonchi,1570.0,1601.0,1395.0
Dalcahue,1665.0,1702.0,1514.0
Dalcahue,1599.0,1645.0,1427.0
Dalcahue,1572.0,1608.0,1399.0
Puqueldón,1833.0,1864.0,1689.0
Quellón,1562.0,1587.0,1398.0
Quellón,1562.0,1587.0,1398.0
Quellón,1562.0,1587.0,1398.0
Quemchi,1595.0,1624.0,1423.0
Quinchao,1617.0,1644.0,1440.0
Quinchao,1618.0,1645.0,1441.0
Osorno,,,
Osorno,1552.0,1582.0,1378.0
Osorno,1555.0,1586.0,1380.0
Osorno,1555.0,1585.0,1380.0
Osorno,1555.0,1586.0,1380.0
Osorno,1549.0,1580.0,1374.0
Osorno,1555.0,1586.0,1380.0
Osorno,1555.0,1586.0,1380.0
Osorno,1555.0,1586.0,1380.0
Osorno,1555.0,1585.0,1379.0
Osorno,1555.0,1586.0,1380.0
Osorno,1561.0,1590.0,1384.0
Osorno,1555.0,1586.0,1380.0
Osorno,1555.0,1586.0,1380.0
Osorno,1555.0,1586.0,1380.0
Osorno,1555.0,1586.0,1380.0
Osorno,1555.0,1586.0,1380.0
Osorno,1555.0,1586.0,1380.0
Osorno,1555.0,1586.0,1380.0
Osorno,1555.0,1586.0,1380.0
Osorno,1555.0,1586.0,1380.0
Puerto Octay,1574.0,1599.0,1394.0
Purranque,1559.0,1590.0,1382.0
Purranque,1561.0,1591.0,1383.0
Purranque,1559.0,1590.0,1382.0
Río Negro,1559.0,1590.0,1382.0
San Pablo,,,
San Pablo,1561.0,1590.0,1384.0
San Pablo,1565.0,1594.0,1388.0
Chaitén,1729.0,1766.0,1605.0
Futaleufú,,1736.0,1576.0
Hualaihué,1622.0,1643.0,1447.0
Palena,,1741.0,1595.0
Coihaique,1568.0,1611.0,1441.0
Coihaique,1566.0,1609.0,1440.0
Río Ibáñez,1635.0,1681.0,1530.0
Coihaique,1568.0,1611.0,1441.0
Coihaique,1661.0,1710.0,1557.0
Coihaique,1568.0,1511.0,1442.0
Coihaique,1659.0,1708.0,1556.0
Coihaique,1568.0,1611.0,1441.0
Aysén,1569.0,1605.0,1426.0
Aysén,1565.0,1601.0,1422.0
Aysén,1627.0,1662.0,1494.0
Aysén,1569.0,1605.0,1426.0
Cisnes,1662.0,1701.0,1540.0
Cisnes,,,1530.0
Cisnes,1650.0,1682.0,1516.0
Cisnes,1662.0,1701.0,1540.0
Cochrane,1688.0,1726.0,1568.0
O’Higgins,,1785.0,1643.0
Tortel,1731.0,,1615.0
Chile Chico,1658.0,1696.0,1532.0
Chile Chico,1662.0,1702.0,1546.0
Río Ibáñez,1618.0,1661.0,1497.0
Punta Arenas,,,
Punta Arenas,1549.0,1592.0,1447.0
Punta Arenas,1549.0,1592.0,1447.0
Punta Arenas,1557.0,1599.0,1457.0
Punta Arenas,1557.0,1599.0,1457.0
Punta Arenas,1555.0,1595.0,1453.0
Punta Arenas,1557.0,1599.0,1457.0
Punta Arenas,1549.0,1592.0,1447.0
Punta Arenas,1549.0,1592.0,1447.0
Punta Arenas,1555.0,1595.0,1453.0
Punta Arenas,1650.0,1698.0,1752.0
Punta Arenas,1551.0,1594.0,1562.0
Punta Arenas,1557.0,1599.0,1457.0
Laguna Blanca,1655.0,1703.0,1573.0
San Gregorio,1620.0,,1502.0
San Gregorio,1602.0,,1488.0
Cabo de Hornos,1778.0,,1573.0
Porvenir,1622.0,1685.0,1517.0
Primavera,1735.0,,1549.0
Primavera,1787.0,,1595.0
Primavera,1735.0,,1549.0
Natales,1584.0,1627.0,1474.0
Natales,1584.0,1627.0,1474.0
Natales,1677.0,1726.0,1589.0
Natales,1584.0,1627.0,1474.0
Santiago Centro,,,
Santiago Centro,1440.0,1481.0,1330.0
Santiago Centro,1440.0,1481.0,1330.0
Santiago Centro,1458.0,1521.0,1307.0
Santiago Centro,,,
Santiago Centro,1464.0,1504.0,1350.0
Santiago Centro,1440.0,1481.0,1330.0
Santiago Centro,1432.0,1473.0,1322.0
Santiago Centro,1458.0,1514.0,1309.0
Santiago Centro,1464.0,1521.0,1320.0
Santiago Centro,,,
Santiago Centro,1464.0,1504.0,1350.0
Santiago Centro,1459.0,1514.0,1310.0
Santiago Centro,1440.0,1481.0,1330.0
Santiago Centro,1456.0,1513.0,1316.0
Santiago Centro,1466.0,1521.0,1322.0
Santiago Centro,1459.0,1514.0,1310.0
Santiago Centro,1460.0,1515.0,1316.0
Santiago Centro,1460.0,1515.0,1316.0
Santiago Centro,1405.0,1447.0,1309.0
Santiago Centro,1440.0,1481.0,1330.0
Santiago Centro,1259.0,1302.0,984.0
Santiago Centro,1464.0,1504.0,1350.0
Santiago Centro,,,
Santiago Centro,,,
Santiago Centro,1464.0,1504.0,1350.0
Cerrillos,,,
Cerrillos,1441.0,1473.0,1300.0
Cerrillos,1441.0,1473.0,1297.0
Cerrillos,1505.0,1566.0,1400.0
Cerrillos,,,
Cerrillos,1459.0,1504.0,1318.0
Cerrillos,,,
Cerrillos,1442.0,1474.0,1288.0
Cerrillos,1441.0,1473.0,1300.0
Cerro Navia,1431.0,1468.0,1308.0
Cerro Navia,1441.0,1466.0,1289.0
Cerro Navia,1437.0,1474.0,1314.0
Conchalí,1446.0,1507.0,1317.0
Conchalí,1441.0,1487.0,1295.0
Conchalí,1452.0,1519.0,1302.0
Conchalí,1459.0,1522.0,1299.0
Conchalí,,,
Conchalí,1472.0,1508.0,1296.0
Conchalí,1446.0,1507.0,1315.0
Conchalí,1447.0,1493.0,1301.0
El Bosque,,,
El Bosque,1419.0,1472.0,1281.0
El Bosque,1430.0,1484.0,1291.0
El Bosque,1527.0,1587.0,1440.0
El Bosque,1421.0,1460.0,1298.0
El Bosque,1450.0,1507.0,1302.0
El Bosque,1450.0,1507.0,1302.0
El Bosque,1450.0,1507.0,1302.0
Estación Central,1401.0,1443.0,1305.0
Estación Central,1401.0,1443.0,1310.0
Estación Central,1401.0,1443.0,1305.0
Estación Central,1401.0,1443.0,1305.0
Estación Central,1401.0,1443.0,1305.0
Estación Central,1401.0,1443.0,1280.0
Estación Central,1401.0,1443.0,1305.0
Estación Central,1496.0,1544.0,1422.0
Estación Central,1401.0,1443.0,1305.0
Estación Central,1440.0,1481.0,1330.0
Huechuraba,1439.0,1502.0,1340.0
Huechuraba,1459.0,1522.0,1299.0
Huechuraba,1479.0,1532.0,1300.0
Huechuraba,1483.0,1534.0,1302.0
Huechuraba,1534.0,1603.0,1457.0
Huechuraba,1479.0,1532.0,1300.0
Huechuraba,1469.0,1532.0,1299.0
Huechuraba,1439.0,1502.0,1340.0
Independencia,,,
Independencia,1472.0,1508.0,1296.0
Independencia,1450.0,1490.0,1302.0
Independencia,1454.0,1497.0,1296.0
Independencia,1448.0,1488.0,1300.0
Independencia,,,
Independencia,1474.0,1510.0,1298.0
Independencia,,,
Independencia,1450.0,1490.0,1302.0
Independencia,1441.0,1487.0,1295.0
Independencia,1472.0,1508.0,1296.0
La Cisterna,1450.0,1507.0,1302.0
La Cisterna,1450.0,1490.0,1300.0
La Cisterna,1409.0,1470.0,1352.0
La Cisterna,1447.0,1487.0,1298.0
La Cisterna,1450.0,1507.0,1302.0
La Cisterna,1452.0,1509.0,1304.0
La Cisterna,1450.0,1507.0,1302.0
La Florida,1467.0,1531.0,1323.0
La Florida,1434.0,1476.0,1238.0
La Florida,1446.0,1496.0,1316.0
La Florida,1457.0,1509.0,1316.0
La Florida,1457.0,1509.0,1316.0
La Florida,1457.0,1509.0,1316.0
La Florida,1457.0,1509.0,1316.0
La Florida,1457.0,1509.0,1316.0
La Florida,1435.0,1486.0,1316.0
La Florida,1469.0,1533.0,1325.0
La Florida,1457.0,1509.0,1316.0
La Florida,,,
La Florida,1446.0,1496.0,1316.0
La Florida,1467.0,1531.0,1323.0
La Florida,1440.0,1496.0,1316.0
La Florida,1446.0,1496.0,1316.0
La Florida,1426.0,1485.0,1238.0
La Florida,1457.0,1509.0,1316.0
La Granja,,,
La Granja,,,1303.0
La Granja,,,
La Granja,1456.0,1513.0,1325.0
La Pintana,,,
La Pintana,1468.0,1505.0,1290.0
La Pintana,1432.0,1485.0,1323.0
La Pintana,1449.0,1497.0,1279.0
La Pintana,,,
La Pintana,1468.0,1506.0,1290.0
La Reina,,,
La Reina,1499.0,1532.0,1345.0
La Reina,1499.0,1532.0,1345.0
La Reina,1484.0,1528.0,1341.0
La Reina,1484.0,1528.0,1341.0
La Reina,1465.0,1521.0,1321.0
La Reina,1473.0,1520.0,1330.0
La Reina,1484.0,1528.0,1341.0
Las Condes,1511.0,1560.0,1359.0
Las Condes,1511.0,1560.0,1359.0
Las Condes,1504.0,1554.0,1353.0
Las Condes,1505.0,1553.0,1357.0
Las Condes,1510.0,1560.0,1359.0
Las Condes,1511.0,1560.0,1359.0
Las Condes,1496.0,1527.0,1339.0
Las Condes,1507.0,1557.0,1467.0
Las Condes,1504.0,1535.0,1347.0
Las Condes,1511.0,1560.0,1359.0
Las Condes,1505.0,1553.0,1357.0
Las Condes,1504.0,1554.0,1353.0
Las Condes,1510.0,1560.0,1359.0
Las Condes,1496.0,1527.0,1339.0
Las Condes,1499.0,1532.0,1345.0
Las Condes,1511.0,1560.0,1359.0
Las Condes,1504.0,1554.0,1353.0
Las Condes,1507.0,1557.0,1355.0
Las Condes,1511.0,1560.0,1359.0
Las Condes,1504.0,1554.0,1353.0
Lo Barnechea,1511.0,1560.0,1359.0
Lo Barnechea,1511.0,1560.0,1359.0
Lo Barnechea,1511.0,1560.0,1359.0
Lo Barnechea,1513.0,1562.0,1361.0
Lo Barnechea,1511.0,1560.0,1359.0
Lo Barnechea,1511.0,1560.0,1359.0
Lo Barnechea,1511.0,1560.0,1359.0
Lo Barnechea,1511.0,1560.0,1359.0
Lo Barnechea,1606.0,1661.0,1476.0
Lo Barnechea,1511.0,1560.0,1359.0
Lo Barnechea,1511.0,1560.0,1359.0
Lo Barnechea,1496.0,1545.0,1343.0
Lo Espejo,1395.0,1436.0,1288.0
Lo Espejo,1512.0,1561.0,1358.0
Lo Prado,1450.0,1471.0,1295.0
Lo Prado,,,
Macul,1442.0,1494.0,1313.0
Macul,1436.0,1488.0,1313.0
Macul,1437.0,1489.0,1310.0
Macul,1437.0,1489.0,1310.0
Macul,1446.0,1496.0,1310.0
Macul,1430.0,1488.0,1307.0
Macul,1437.0,1489.0,1310.0
Macul,1446.0,1496.0,1316.0
Macul,1439.0,1488.0,1313.0
Maipú,1401.0,1443.0,1280.0
Maipú,1414.0,1452.0,1294.0
Maipú,1434.0,1468.0,1282.0
Maipú,1458.0,1504.0,1307.0
Maipú,1412.0,1450.0,1294.0
Maipú,1425.0,1458.0,1301.0
Maipú,1442.0,1474.0,1288.0
Maipú,1416.0,1471.0,1294.0
Maipú,1494.0,1554.0,1317.0
Maipú,1412.0,1450.0,1292.0
Maipú,1414.0,1452.0,1294.0
Maipú,1410.0,1449.0,1281.0
Maipú,1452.0,1512.0,1332.0
Maipú,1427.0,1460.0,1302.0
Maipú,1434.0,1468.0,1282.0
Maipú,1460.0,1506.0,1309.0
Maipú,1425.0,1458.0,1300.0
Maipú,1458.0,1504.0,1307.0
Maipú,1434.0,1468.0,1283.0
Maipú,1427.0,1460.0,1302.0
Maipú,1414.0,1452.0,1294.0
Maipú,1410.0,1465.0,1288.0
Maipú,1414.0,1453.0,1294.0
Maipú,1401.0,1456.0,1279.0
Maipú,1452.0,1512.0,1332.0
Maipú,1414.0,1452.0,1294.0
Ñuñoa,1463.0,1468.0,1247.0
Ñuñoa,1464.0,1517.0,1331.0
Ñuñoa,1464.0,1517.0,1331.0
Ñuñoa,1422.0,1474.0,1295.0
Ñuñoa,1458.0,1511.0,1325.0
Ñuñoa,,,
Ñuñoa,1437.0,1489.0,1310.0
Ñuñoa,1464.0,1517.0,1331.0
Ñuñoa,1437.0,1489.0,1310.0
Ñuñoa,1422.0,1474.0,1295.0
Ñuñoa,1532.0,1590.0,1539.0
Ñuñoa,1437.0,1489.0,1310.0
Ñuñoa,1488.0,1524.0,1341.0
Ñuñoa,1437.0,1489.0,1310.0
Ñuñoa,1437.0,1489.0,1310.0
Ñuñoa,,,
Ñuñoa,1437.0,1489.0,1310.0
Ñuñoa,1437.0,1489.0,1310.0
Ñuñoa,1124.0,1170.0,
Ñuñoa,1437.0,1489.0,1310.0
Ñuñoa,1464.0,1517.0,1331.0
Ñuñoa,1499.0,1532.0,1345.0
Pedro Aguirre Cerda,1456.0,1513.0,1316.0
Pedro Aguirre Cerda,,,
Pedro Aguirre Cerda,1456.0,1513.0,1316.0
Pedro Aguirre Cerda,1456.0,1513.0,1313.0
Pedro Aguirre Cerda,1456.0,1513.0,1313.0
Pedro Aguirre Cerda,1512.0,1561.0,1318.0
Peñalolén,,,1457.0
Peñalolén,,,
Peñalolén,1453.0,1512.0,1325.0
Peñalolén,1465.0,1521.0,1321.0
Peñalolén,1463.0,1519.0,1319.0
Peñalolén,1465.0,1521.0,1321.0
Peñalolén,1463.0,1519.0,1319.0
Peñalolén,,,
Peñalolén,1465.0,1521.0,1321.0
Peñalolén,1453.0,1510.0,1325.0
Peñalolén,1450.0,1506.0,1306.0
Peñalolén,1465.0,1521.0,1321.0
Peñalolén,1465.0,1521.0,1321.0
Providencia,1475.0,1515.0,1333.0
Providencia,1427.0,1479.0,1300.0
Providencia,1465.0,1502.0,1338.0
Providencia,1457.0,1494.0,1338.0
Providencia,1445.0,1482.0,1338.0
Providencia,1496.0,1527.0,1339.0
Providencia,1465.0,1502.0,1338.0
Providencia,1465.0,1502.0,1338.0
Providencia,1465.0,1502.0,1338.0
Providencia,1460.0,1500.0,1318.0
Providencia,1475.0,1515.0,1333.0
Providencia,1496.0,1527.0,1339.0
Providencia,1465.0,1502.0,1338.0
Providencia,1465.0,1502.0,1338.0
Providencia,1475.0,1515.0,1333.0
Providencia,1496.0,1527.0,1339.0
Providencia,1465.0,1517.0,1338.0
Providencia,,,
Providencia,1475.0,1515.0,1333.0
Providencia,1465.0,1502.0,1338.0
Providencia,1465.0,1502.0,1338.0
Pudahuel,1450.0,1471.0,1295.0
Pudahuel,1512.0,1560.0,1358.0
Pudahuel,1450.0,1471.0,1295.0
Pudahuel,,,
Pudahuel,1512.0,1560.0,1359.0
Pudahuel,1517.0,1565.0,1363.0
Pudahuel,1512.0,1560.0,1358.0
Pudahuel,1512.0,1560.0,1358.0
Quilicura,1463.0,1510.0,1298.0
Quilicura,1463.0,1510.0,1298.0
Quilicura,1463.0,1510.0,1298.0
Quilicura,1492.0,1528.0,1302.0
Quilicura,,,1313.0
Quilicura,1463.0,1510.0,1298.0
Quilicura,,,
Quilicura,1492.0,1528.0,1300.0
Quilicura,,,
Quilicura,1492.0,1528.0,1299.0
Quilicura,1455.0,1510.0,1298.0
Quilicura,1482.0,1519.0,1298.0
Quinta Normal,,,
Quinta Normal,1390.0,1432.0,1302.0
Quinta Normal,1401.0,1443.0,1305.0
Quinta Normal,1431.0,1468.0,1283.0
Quinta Normal,1441.0,1466.0,1289.0
Quinta Normal,1397.0,1439.0,1301.0
Quinta Normal,1401.0,1443.0,1299.0
Quinta Normal,,,1299.0
Quinta Normal,1385.0,1427.0,1292.0
Quinta Normal,1438.0,1461.0,1289.0
Quinta Normal,1441.0,1466.0,1289.0
Quinta Normal,1401.0,1443.0,1299.0
Quinta Normal,,,
Quinta Normal,1437.0,1475.0,1314.0
Recoleta,1414.0,1468.0,1306.0
Recoleta,1414.0,1468.0,1306.0
Recoleta,1414.0,1468.0,1306.0
Recoleta,1446.0,1507.0,1315.0
Recoleta,1402.0,1455.0,1295.0
Recoleta,1446.0,1507.0,1315.0
Recoleta,1414.0,1468.0,1306.0
Recoleta,1444.0,1487.0,1303.0
Recoleta,1446.0,1489.0,1305.0
Recoleta,1412.0,1466.0,1304.0
Renca,,,
Renca,1492.0,1528.0,1299.0
Renca,1459.0,1490.0,1290.0
Renca,1456.0,1490.0,1290.0
Renca,1567.0,1609.0,1411.0
Renca,,,
Renca,1472.0,1508.0,1296.0
San Joaquín,1466.0,1527.0,1332.0
San Joaquín,1456.0,1513.0,1316.0
San Joaquín,1446.0,1496.0,1310.0
San Joaquín,1456.0,1513.0,1316.0
San Joaquín,,,
San Joaquín,,,
San Joaquín,1446.0,1496.0,1310.0
San Joaquín,,,
San Joaquín,,,
San Joaquín,1456.0,1513.0,1316.0
San Miguel,,,
San Miguel,,,
San Miguel,1456.0,1513.0,1325.0
San Miguel,1448.0,1505.0,1300.0
San Miguel,,,
San Miguel,1455.0,1512.0,1307.0
San Miguel,1456.0,1513.0,1316.0
San Miguel,1450.0,1507.0,1302.0
San Ramón,1427.0,1481.0,1302.0
San Ramón,,,
San Ramón,1427.0,1481.0,1306.0
San Ramón,1418.0,1472.0,1298.0
Vitacura,1508.0,1559.0,1357.0
Vitacura,1505.0,1553.0,1357.0
Vitacura,1503.0,1552.0,1333.0
Vitacura,1511.0,1560.0,1359.0
Vitacura,1511.0,1560.0,1359.0
Vitacura,1511.0,1560.0,1359.0
Vitacura,1511.0,1560.0,1359.0
Vitacura,1508.0,1559.0,1359.0
Vitacura,1508.0,1559.0,1357.0
Vitacura,1505.0,1554.0,1335.0
Vitacura,1488.0,1552.0,1333.0
Vitacura,1508.0,1560.0,1357.0
Vitacura,1511.0,1560.0,1359.0
Vitacura,1508.0,1559.0,1357.0
Vitacura,1505.0,1553.0,1357.0
Puente Alto,,,
Puente Alto,,,
Puente Alto,1483.0,1542.0,1324.0
Puente Alto,,,
Puente Alto,,,
Puente Alto,1457.0,1520.0,1313.0
Puente Alto,1423.0,1455.0,1237.0
Puente Alto,,,
Puente Alto,1434.0,1476.0,1238.0
Puente Alto,1449.0,1500.0,1316.0
Puente Alto,1482.0,1541.0,1254.0
Puente Alto,1468.0,1505.0,1290.0
Puente Alto,1413.0,1438.0,1287.0
Puente Alto,1436.0,1486.0,1241.0
Puente Alto,1444.0,1477.0,1271.0
Puente Alto,1425.0,1481.0,1318.0
Puente Alto,1434.0,1476.0,1238.0
Puente Alto,1462.0,1499.0,1284.0
Puente Alto,,,
Puente Alto,1423.0,1535.0,1237.0
Puente Alto,1434.0,1476.0,1238.0
Puente Alto,1434.0,1476.0,1238.0
Puente Alto,1482.0,1541.0,1264.0
Puente Alto,,,
Pirque,1483.0,1542.0,1326.0
Pirque,1483.0,1542.0,1324.0
San José de Maipo,1450.0,1455.0,1237.0
San José de Maipo,,,
Colina,1509.0,1559.0,1356.0
Colina,1512.0,1561.0,1360.0
Colina,1515.0,1564.0,1361.0
Colina,1512.0,1561.0,1360.0
Colina,1509.0,1560.0,1358.0
Colina,1601.0,1654.0,1530.0
Colina,1515.0,1564.0,1361.0
Colina,1512.0,1561.0,1360.0
Colina,1509.0,1559.0,1358.0
Colina,1515.0,1564.0,1342.0
Colina,1509.0,1559.0,1358.0
Colina,1512.0,1561.0,1360.0
Colina,1512.0,1561.0,1360.0
Colina,,,
Lampa,1493.0,1541.0,1331.0
Lampa,1493.0,1541.0,1331.0
Lampa,1490.0,1546.0,1332.0
Lampa,1487.0,1536.0,1329.0
Lampa,1493.0,1541.0,1331.0
Lampa,1493.0,1515.0,1329.0
Lampa,1490.0,1546.0,1332.0
Lampa,1493.0,1541.0,1331.0
Tiltil,1493.0,1541.0,1331.0
San Bernardo,1395.0,1437.0,1288.0
San Bernardo,1434.0,1487.0,1296.0
San Bernardo,1434.0,1487.0,1296.0
San Bernardo,1512.0,1561.0,1358.0
San Bernardo,1512.0,1561.0,1358.0
San Bernardo,1385.0,1427.0,1292.0
San Bernardo,1395.0,1436.0,1288.0
San Bernardo,1434.0,1487.0,1296.0
San Bernardo,1434.0,1487.0,1296.0
San Bernardo,1433.0,1487.0,1295.0
San Bernardo,,,
San Bernardo,,,
San Bernardo,1434.0,1487.0,1298.0
San Bernardo,,,1293.0
San Bernardo,1529.0,1588.0,1413.0
San Bernardo,,,
San Bernardo,1512.0,1561.0,1358.0
San Bernardo,1512.0,1561.0,1358.0
San Bernardo,1512.0,1561.0,1358.0
San Bernardo,1512.0,1561.0,1358.0
San Bernardo,,,
San Bernardo,1434.0,1487.0,1296.0
San Bernardo,,,1353.0
San Bernardo,1434.0,1487.0,1296.0
San Bernardo,1434.0,1487.0,1296.0
San Bernardo,,,
Buin,1510.0,1559.0,1355.0
Buin,1510.0,1559.0,1354.0
Buin,1510.0,1559.0,1354.0
Buin,1510.0,1559.0,1354.0
Buin,1510.0,1559.0,1355.0
Buin,1513.0,1563.0,1355.0
Buin,1511.0,1561.0,1354.0
Buin,1501.0,1545.0,1339.0
Calera de Tango,1484.0,1519.0,1319.0
Calera de Tango,1486.0,1521.0,1321.0
Calera de Tango,1484.0,1519.0,1319.0
Calera de Tango,1484.0,1519.0,1319.0
Paine,,,
Paine,1511.0,1560.0,1357.0
Paine,1511.0,1560.0,1357.0
Paine,1511.0,1561.0,1354.0
Paine,1501.0,1545.0,1339.0
Paine,1511.0,1560.0,1357.0
Melipilla,1512.0,1558.0,1342.0
Melipilla,1505.0,1557.0,1342.0
Melipilla,1505.0,1557.0,1342.0
Melipilla,1505.0,1557.0,1341.0
Melipilla,1607.0,1659.0,1459.0
Melipilla,1505.0,1556.0,1340.0
Melipilla,1491.0,1535.0,1334.0
Melipilla,1514.0,1560.0,1344.0
Melipilla,1512.0,1558.0,1342.0
Melipilla,1505.0,1557.0,1341.0
Melipilla,1505.0,1557.0,1341.0
Alhué,1523.0,1577.0,1358.0
Curacaví,1511.0,1550.0,1349.0
Curacaví,1511.0,1550.0,1349.0
Curacaví,1506.0,1544.0,1347.0
María Pinto,1512.0,1558.0,1342.0
Talagante,1496.0,1542.0,1343.0
Talagante,1496.0,1542.0,1343.0
Talagante,,,
Talagante,1490.0,1538.0,1339.0
Talagante,1488.0,1536.0,1337.0
Talagante,1474.0,1504.0,1341.0
Talagante,1490.0,1538.0,1339.0
El Monte,1460.0,1512.0,1301.0
El Monte,1460.0,1512.0,1301.0
El Monte,1460.0,1512.0,1301.0
Isla de Maipo,1502.0,1550.0,1350.0
Isla de Maipo,1500.0,1548.0,1348.0
Isla de Maipo,1504.0,1552.0,1352.0
Padre Hurtado,1452.0,1512.0,1332.0
Peñaflor,1452.0,1512.0,1302.0
Padre Hurtado,1452.0,1512.0,1332.0
Padre Hurtado,1452.0,1512.0,1332.0
Padre Hurtado,1443.0,1504.0,1293.0
Peñaflor,1567.0,1603.0,1456.0
Peñaflor,1449.0,1455.0,1250.0
Peñaflor,1451.0,1455.0,1312.0
Peñaflor,1455.0,1485.0,1315.0
Peñaflor,,,
Peñaflor,,,
Peñaflor,,,
Peñaflor,1458.0,1488.0,1320.0
Peñaflor,1544.0,1587.0,1373.0
Punta Arenas,,,
Valparaíso,1459.0,1513.0,1325.0
Coquimbo,1566.0,1602.0,1387.0
Renca,1459.0,1490.0,1297.0
Limache,1508.0,1551.0,1331.0
Ovalle,1556.0,1589.0,1386.0
Ñuñoa,,,
Conchalí,,,
Talca,1496.0,1520.0,1315.0
Puerto Varas,1558.0,1586.0,1384.0
Talca,1496.0,1520.0,1315.0
Antofagasta,1589.0,1621.0,1408.0
Providencia,1529.0,1572.0,1438.0
San Antonio,1512.0,1553.0,1348.0
Limache,1495.0,1541.0,1319.0
Chimbarongo,1537.0,1571.0,1373.0
Talca,1501.0,1529.0,1316.0
Chile Chico,1658.0,1696.0,1532.0
Perquenco,1530.0,1563.0,1342.0
Temuco,1527.0,1562.0,1355.0
Los Ángeles,1476.0,1509.0,1318.0
Quilicura,1478.0,1520.0,1302.0
Pelarco,1487.0,1521.0,1338.0
Curacaví,1601.0,1645.0,1464.0
Castro,1664.0,1702.0,1514.0
Puyehue,1555.0,1586.0,1385.0
Colina,1512.0,1561.0,1360.0
Antofagasta,1589.0,1621.0,1408.0
Las Cabras,1543.0,1543.0,1369.0
Parral,1589.0,1636.0,1458.0
Santiago Centro,,,
Pucón,,1233.0,
Puyehue,1647.0,1684.0,1500.0
Puerto Montt,1551.0,1578.0,1381.0
Yungay,1502.0,1534.0,1330.0
Quellón,1564.0,1588.0,1399.0
San Nicolás,1492.0,1542.0,1317.0
Coquimbo,1566.0,1603.0,1387.0
Quilleco,1490.0,1523.0,1326.0
Chillán Viejo,1580.0,1621.0,1430.0
Chillán,1490.0,1528.0,1315.0
Copiapó,1572.0,1605.0,1401.0
Concepción,,,
Talcahuano,,,
Curepto,1633.0,1670.0,1496.0
Colina,1512.0,1561.0,1360.0
Puerto Montt,1551.0,1579.0,1381.0
Puerto Montt,1551.0,1579.0,1381.0
Arica,,,1255.0
Molina,1488.0,1529.0,1310.0
San Bernardo,1512.0,1561.0,1358.0
Padre las Casas,1528.0,1563.0,1355.0
Punta Arenas,1551.0,1594.0,1448.0
Renaico,1508.0,1543.0,1326.0
Puerto Varas,1576.0,,
Concepción,1499.0,1539.0,1332.0
San Fernando,1518.0,1548.0,1349.0
Colina,1512.0,1561.0,1360.0
Quintero,1490.0,1535.0,1328.0
Mejillones,1588.0,1619.0,1406.0
Quillón,1503.0,1544.0,1345.0
Marchihue,1518.0,1551.0,1342.0
Mostazal,1510.0,1539.0,1360.0
San Bernardo,1434.0,1487.0,1296.0
Colina,1509.0,1559.0,1354.0
San Fernando,1529.0,1559.0,1359.0
Santo Domingo,1512.0,1553.0,1348.0
Rancagua,1528.0,1560.0,1358.0
Limache,,,
San Pedro,1511.0,1564.0,1348.0
Peñalolén,1465.0,1521.0,1321.0
Puente Alto,,,
Temuco,1532.0,1565.0,1359.0
San Felipe,1516.0,1558.0,1343.0
Rancagua,1538.0,1567.0,1377.0
Valparaíso,1509.0,1553.0,1341.0
Copiapó,1572.0,1605.0,1401.0
Villarrica,1629.0,1667.0,1479.0
Puente Alto,1423.0,1455.0,1237.0
Talca,1501.0,1529.0,1316.0
Vallenar,1586.0,1618.0,1410.0
Quillota,1506.0,1550.0,1331.0
Rengo,1528.0,1567.0,1372.0
Ovalle,1555.0,1589.0,1389.0
Peñalolén,1465.0,1521.0,1321.0
Teno,1537.0,1571.0,1373.0
Linares,1493.0,1534.0,1314.0
Bulnes,1564.0,1596.0,1510.0
Río Bueno,1560.0,1589.0,1376.0
Limache,1508.0,1551.0,1331.0
Paillaco,1560.0,1589.0,1376.0
Vallenar,1674.0,1711.0,1584.0
Panguipulli,1560.0,1594.0,1389.0
Tiltil,1491.0,1539.0,1329.0
Chaitén,,1766.0,1605.0
Litueche,1497.0,1530.0,1348.0
Chillán,1491.0,1530.0,1318.0
Pichilemu,1503.0,1527.0,1361.0
Padre Hurtado,,,
Litueche,1497.0,1531.0,1348.0
